Titre du bulletin (ANSSI),Type de bulletin,Date de publication,Identifiant CVE,Score CVSS,Base Severity,Type CWE,Score EPSS,Lien du bulletin (ANSSI),Description,Éditeur/Vendor,Produit,Versions affectées
Multiples vulnérabilités dans Apache Tomcat (18 décembre 2024),Avis,2024-12-18,CVE-2024-54677,5.3,MEDIUM,CWE-400,0.000430000,https://www.cert.ssi.gouv.fr/avis/CERTFR-2024-AVI-1091/json,"Uncontrolled Resource Consumption vulnerability in the examples web application provided with Apache Tomcat leads to denial of service.

This issue affects Apache Tomcat: from 11.0.0-M1 through 11.0.1, from 10.1.0-M1 through 10.1.33, from 9.0.0.M1 through 9.9.97.

Users are recommended to upgrade to version 11.0.2, 10.1.34 or 9.0.98, which fixes the issue.",Apache Software Foundation,Apache Tomcat,"11.0.0-M1, 10.1.0-M1, 9.0.0.M1"
Multiples vulnérabilités dans Apache Tomcat (18 décembre 2024),Avis,2024-12-18,CVE-2024-56337,9.8,CRITICAL,CWE-367,0.000430000,https://www.cert.ssi.gouv.fr/avis/CERTFR-2024-AVI-1091/json,"Time-of-check Time-of-use (TOCTOU) Race Condition vulnerability in Apache Tomcat.

This issue affects Apache Tomcat: from 11.0.0-M1 through 11.0.1, from 10.1.0-M1 through 10.1.33, from 9.0.0.M1 through 9.0.97.

The mitigation for CVE-2024-50379 was incomplete.

Users running Tomcat on a case insensitive file system with the default servlet write enabled (readonly initialisation 
parameter set to the non-default value of false) may need additional configuration to fully mitigate CVE-2024-50379 depending on which version of Java they are using with Tomcat:
- running on Java 8 or Java 11: the system property sun.io.useCanonCaches must be explicitly set to false (it defaults to true)
- running on Java 17: the system property sun.io.useCanonCaches, if set, must be set to false (it defaults to false)
- running on Java 21 onwards: no further configuration is required (the system property and the problematic cache have been removed)

Tomcat 11.0.3, 10.1.35 and 9.0.99 onwards will include checks that sun.io.useCanonCaches is set appropriately before allowing the default servlet to be write enabled on a case insensitive file system. Tomcat will also set sun.io.useCanonCaches to false by default where it can.",Apache Software Foundation,Apache Tomcat,"11.0.0-M1, 10.1.0-M1, 9.0.0.M1"
Multiples vulnérabilités dans Apache Tomcat (18 décembre 2024),Avis,2024-12-18,CVE-2024-50379,9.8,CRITICAL,CWE-367,0.000430000,https://www.cert.ssi.gouv.fr/avis/CERTFR-2024-AVI-1091/json,"Time-of-check Time-of-use (TOCTOU) Race Condition vulnerability during JSP compilation in Apache Tomcat permits an RCE on case insensitive file systems when the default servlet is enabled for write (non-default configuration).

This issue affects Apache Tomcat: from 11.0.0-M1 through 11.0.1, from 10.1.0-M1 through 10.1.33, from 9.0.0.M1 through 9.0.97.

Users are recommended to upgrade to version 11.0.2, 10.1.34 or 9.0.98, which fixes the issue.",Apache Software Foundation,Apache Tomcat,"11.0.0-M1, 10.1.0-M1, 9.0.0.M1"
Multiples vulnérabilités dans le noyau Linux de SUSE (20 décembre 2024),Avis,2024-12-20,CVE-2022-3435,4.3,MEDIUM,CWE-119,N/A,https://www.cert.ssi.gouv.fr/avis/CERTFR-2024-AVI-1102/json,A vulnerability classified as problematic has been found in Linux Kernel. This affects the function fib_nh_match of the file net/ipv4/fib_semantics.c of the component IPv4 Handler. The manipulation leads to out-of-bounds read. It is possible to initiate the attack remotely. It is recommended to apply a patch to fix this issue. The identifier VDB-210357 was assigned to this vulnerability.,Linux,Kernel,n/a
Multiples vulnérabilités dans le noyau Linux de SUSE (20 décembre 2024),Avis,2024-12-20,CVE-2022-45934,N/A,N/A,N/A,N/A,https://www.cert.ssi.gouv.fr/avis/CERTFR-2024-AVI-1102/json,An issue was discovered in the Linux kernel through 6.0.10. l2cap_config_req in net/bluetooth/l2cap_core.c has an integer wraparound via L2CAP_CONF_REQ packets.,n/a,n/a,n/a
Multiples vulnérabilités dans le noyau Linux de SUSE (20 décembre 2024),Avis,2024-12-20,CVE-2023-28327,N/A,N/A,CWE-476,N/A,https://www.cert.ssi.gouv.fr/avis/CERTFR-2024-AVI-1102/json,"A NULL pointer dereference flaw was found in the UNIX protocol in net/unix/diag.c In unix_diag_get_exact in the Linux Kernel. The newly allocated skb does not have sk, leading to a NULL pointer. This flaw allows a local user to crash or potentially cause a denial of service.",n/a,Linux,Linux
Multiples vulnérabilités dans le noyau Linux de SUSE (20 décembre 2024),Avis,2024-12-20,CVE-2023-2166,N/A,N/A,CWE-476,N/A,https://www.cert.ssi.gouv.fr/avis/CERTFR-2024-AVI-1102/json,A null pointer dereference issue was found in can protocol in net/can/af_can.c in the Linux before Linux. ml_priv may not be initialized in the receive path of CAN frames. A local user could use this flaw to crash the system or potentially cause a denial of service.,n/a,Linux,Linux Kernel version prior to Kernel 6.1 RC9
Multiples vulnérabilités dans le noyau Linux de SUSE (20 décembre 2024),Avis,2024-12-20,CVE-2023-6270,7,HIGH,CWE-416,N/A,https://www.cert.ssi.gouv.fr/avis/CERTFR-2024-AVI-1102/json,"A flaw was found in the ATA over Ethernet (AoE) driver in the Linux kernel. The aoecmd_cfg_pkts() function improperly updates the refcnt on `struct net_device`, and a use-after-free can be triggered by racing between the free on the struct and the access through the `skbtxq` global queue. This could lead to a denial of service condition or potential code execution.",Red Hat,Red Hat Enterprise Linux 9,
Multiples vulnérabilités dans le noyau Linux de SUSE (20 décembre 2024),Avis,2024-12-20,CVE-2023-52524,N/A,N/A,N/A,N/A,https://www.cert.ssi.gouv.fr/avis/CERTFR-2024-AVI-1102/json,"In the Linux kernel, the following vulnerability has been resolved:

net: nfc: llcp: Add lock when modifying device list

The device list needs its associated lock held when modifying it, or the
list could become corrupted, as syzbot discovered.",Linux,Linux,6.5
Multiples vulnérabilités dans le noyau Linux de SUSE (20 décembre 2024),Avis,2024-12-20,CVE-2024-26801,N/A,N/A,N/A,N/A,https://www.cert.ssi.gouv.fr/avis/CERTFR-2024-AVI-1102/json,"In the Linux kernel, the following vulnerability has been resolved:

Bluetooth: Avoid potential use-after-free in hci_error_reset

While handling the HCI_EV_HARDWARE_ERROR event, if the underlying
BT controller is not responding, the GPIO reset mechanism would
free the hci_dev and lead to a use-after-free in hci_error_reset.

Here's the call trace observed on a ChromeOS device with Intel AX201:
   queue_work_on+0x3e/0x6c
   __hci_cmd_sync_sk+0x2ee/0x4c0 [bluetooth <HASH:3b4a6>]
   ? init_wait_entry+0x31/0x31
   __hci_cmd_sync+0x16/0x20 [bluetooth <HASH:3b4a 6>]
   hci_error_reset+0x4f/0xa4 [bluetooth <HASH:3b4a 6>]
   process_one_work+0x1d8/0x33f
   worker_thread+0x21b/0x373
   kthread+0x13a/0x152
   ? pr_cont_work+0x54/0x54
   ? kthread_blkcg+0x31/0x31
    ret_from_fork+0x1f/0x30

This patch holds the reference count on the hci_dev while processing
a HCI_EV_HARDWARE_ERROR event to avoid potential crash.",Linux,Linux,4.0
Multiples vulnérabilités dans le noyau Linux de SUSE (20 décembre 2024),Avis,2024-12-20,CVE-2024-26741,N/A,N/A,N/A,N/A,https://www.cert.ssi.gouv.fr/avis/CERTFR-2024-AVI-1102/json,"In the Linux kernel, the following vulnerability has been resolved:

dccp/tcp: Unhash sk from ehash for tb2 alloc failure after check_estalblished().

syzkaller reported a warning [0] in inet_csk_destroy_sock() with no
repro.

  WARN_ON(inet_sk(sk)->inet_num && !inet_csk(sk)->icsk_bind_hash);

However, the syzkaller's log hinted that connect() failed just before
the warning due to FAULT_INJECTION.  [1]

When connect() is called for an unbound socket, we search for an
available ephemeral port.  If a bhash bucket exists for the port, we
call __inet_check_established() or __inet6_check_established() to check
if the bucket is reusable.

If reusable, we add the socket into ehash and set inet_sk(sk)->inet_num.

Later, we look up the corresponding bhash2 bucket and try to allocate
it if it does not exist.

Although it rarely occurs in real use, if the allocation fails, we must
revert the changes by check_established().  Otherwise, an unconnected
socket could illegally occupy an ehash entry.

Note that we do not put tw back into ehash because sk might have
already responded to a packet for tw and it would be better to free
tw earlier under such memory presure.

[0]:
WARNING: CPU: 0 PID: 350830 at net/ipv4/inet_connection_sock.c:1193 inet_csk_destroy_sock (net/ipv4/inet_connection_sock.c:1193)
Modules linked in:
Hardware name: QEMU Standard PC (i440FX + PIIX, 1996), BIOS rel-1.16.0-0-gd239552ce722-prebuilt.qemu.org 04/01/2014
RIP: 0010:inet_csk_destroy_sock (net/ipv4/inet_connection_sock.c:1193)
Code: 41 5c 41 5d 41 5e e9 2d 4a 3d fd e8 28 4a 3d fd 48 89 ef e8 f0 cd 7d ff 5b 5d 41 5c 41 5d 41 5e e9 13 4a 3d fd e8 0e 4a 3d fd <0f> 0b e9 61 fe ff ff e8 02 4a 3d fd 4c 89 e7 be 03 00 00 00 e8 05
RSP: 0018:ffffc9000b21fd38 EFLAGS: 00010293
RAX: 0000000000000000 RBX: 0000000000009e78 RCX: ffffffff840bae40
RDX: ffff88806e46c600 RSI: ffffffff840bb012 RDI: ffff88811755cca8
RBP: ffff88811755c880 R08: 0000000000000003 R09: 0000000000000000
R10: 0000000000009e78 R11: 0000000000000000 R12: ffff88811755c8e0
R13: ffff88811755c892 R14: ffff88811755c918 R15: 0000000000000000
FS:  00007f03e5243800(0000) GS:ffff88811ae00000(0000) knlGS:0000000000000000
CS:  0010 DS: 0000 ES: 0000 CR0: 0000000080050033
CR2: 0000001b32f21000 CR3: 0000000112ffe001 CR4: 0000000000770ef0
PKRU: 55555554
Call Trace:
 <TASK>
 ? inet_csk_destroy_sock (net/ipv4/inet_connection_sock.c:1193)
 dccp_close (net/dccp/proto.c:1078)
 inet_release (net/ipv4/af_inet.c:434)
 __sock_release (net/socket.c:660)
 sock_close (net/socket.c:1423)
 __fput (fs/file_table.c:377)
 __fput_sync (fs/file_table.c:462)
 __x64_sys_close (fs/open.c:1557 fs/open.c:1539 fs/open.c:1539)
 do_syscall_64 (arch/x86/entry/common.c:52 arch/x86/entry/common.c:83)
 entry_SYSCALL_64_after_hwframe (arch/x86/entry/entry_64.S:129)
RIP: 0033:0x7f03e53852bb
Code: 03 00 00 00 0f 05 48 3d 00 f0 ff ff 77 41 c3 48 83 ec 18 89 7c 24 0c e8 43 c9 f5 ff 8b 7c 24 0c 41 89 c0 b8 03 00 00 00 0f 05 <48> 3d 00 f0 ff ff 77 35 44 89 c7 89 44 24 0c e8 a1 c9 f5 ff 8b 44
RSP: 002b:00000000005dfba0 EFLAGS: 00000293 ORIG_RAX: 0000000000000003
RAX: ffffffffffffffda RBX: 0000000000000004 RCX: 00007f03e53852bb
RDX: 0000000000000002 RSI: 0000000000000002 RDI: 0000000000000003
RBP: 0000000000000000 R08: 0000000000000000 R09: 000000000000167c
R10: 0000000008a79680 R11: 0000000000000293 R12: 00007f03e4e43000
R13: 00007f03e4e43170 R14: 00007f03e4e43178 R15: 00007f03e4e43170
 </TASK>

[1]:
FAULT_INJECTION: forcing a failure.
name failslab, interval 1, probability 0, space 0, times 0
CPU: 0 PID: 350833 Comm: syz-executor.1 Not tainted 6.7.0-12272-g2121c43f88f5 #9
Hardware name: QEMU Standard PC (i440FX + PIIX, 1996), BIOS rel-1.16.0-0-gd239552ce722-prebuilt.qemu.org 04/01/2014
Call Trace:
 <TASK>
 dump_stack_lvl (lib/dump_stack.c:107 (discriminator 1))
 should_fail_ex (lib/fault-inject.c:52 lib/fault-inject.c:153)
 should_failslab (mm/slub.c:3748)
 kmem_cache_alloc (mm/slub.c:3763 mm/slub.c:3842 mm/slub.c:3867)
 inet_bind2_bucket_create 
---truncated---",Linux,Linux,6.1
Multiples vulnérabilités dans le noyau Linux de SUSE (20 décembre 2024),Avis,2024-12-20,CVE-2024-26761,N/A,N/A,N/A,N/A,https://www.cert.ssi.gouv.fr/avis/CERTFR-2024-AVI-1102/json,"In the Linux kernel, the following vulnerability has been resolved:

cxl/pci: Fix disabling memory if DVSEC CXL Range does not match a CFMWS window

The Linux CXL subsystem is built on the assumption that HPA == SPA.
That is, the host physical address (HPA) the HDM decoder registers are
programmed with are system physical addresses (SPA).

During HDM decoder setup, the DVSEC CXL range registers (cxl-3.1,
8.1.3.8) are checked if the memory is enabled and the CXL range is in
a HPA window that is described in a CFMWS structure of the CXL host
bridge (cxl-3.1, 9.18.1.3).

Now, if the HPA is not an SPA, the CXL range does not match a CFMWS
window and the CXL memory range will be disabled then. The HDM decoder
stops working which causes system memory being disabled and further a
system hang during HDM decoder initialization, typically when a CXL
enabled kernel boots.

Prevent a system hang and do not disable the HDM decoder if the
decoder's CXL range is not found in a CFMWS window.

Note the change only fixes a hardware hang, but does not implement
HPA/SPA translation. Support for this can be added in a follow on
patch series.",Linux,Linux,5.19
Multiples vulnérabilités dans le noyau Linux de SUSE (20 décembre 2024),Avis,2024-12-20,CVE-2024-26782,N/A,N/A,N/A,N/A,https://www.cert.ssi.gouv.fr/avis/CERTFR-2024-AVI-1102/json,"In the Linux kernel, the following vulnerability has been resolved:

mptcp: fix double-free on socket dismantle

when MPTCP server accepts an incoming connection, it clones its listener
socket. However, the pointer to 'inet_opt' for the new socket has the same
value as the original one: as a consequence, on program exit it's possible
to observe the following splat:

  BUG: KASAN: double-free in inet_sock_destruct+0x54f/0x8b0
  Free of addr ffff888485950880 by task swapper/25/0

  CPU: 25 PID: 0 Comm: swapper/25 Kdump: loaded Not tainted 6.8.0-rc1+ #609
  Hardware name: Supermicro SYS-6027R-72RF/X9DRH-7TF/7F/iTF/iF, BIOS 3.0  07/26/2013
  Call Trace:
   <IRQ>
   dump_stack_lvl+0x32/0x50
   print_report+0xca/0x620
   kasan_report_invalid_free+0x64/0x90
   __kasan_slab_free+0x1aa/0x1f0
   kfree+0xed/0x2e0
   inet_sock_destruct+0x54f/0x8b0
   __sk_destruct+0x48/0x5b0
   rcu_do_batch+0x34e/0xd90
   rcu_core+0x559/0xac0
   __do_softirq+0x183/0x5a4
   irq_exit_rcu+0x12d/0x170
   sysvec_apic_timer_interrupt+0x6b/0x80
   </IRQ>
   <TASK>
   asm_sysvec_apic_timer_interrupt+0x16/0x20
  RIP: 0010:cpuidle_enter_state+0x175/0x300
  Code: 30 00 0f 84 1f 01 00 00 83 e8 01 83 f8 ff 75 e5 48 83 c4 18 44 89 e8 5b 5d 41 5c 41 5d 41 5e 41 5f c3 cc cc cc cc fb 45 85 ed <0f> 89 60 ff ff ff 48 c1 e5 06 48 c7 43 18 00 00 00 00 48 83 44 2b
  RSP: 0018:ffff888481cf7d90 EFLAGS: 00000202
  RAX: 0000000000000000 RBX: ffff88887facddc8 RCX: 0000000000000000
  RDX: 1ffff1110ff588b1 RSI: 0000000000000019 RDI: ffff88887fac4588
  RBP: 0000000000000004 R08: 0000000000000002 R09: 0000000000043080
  R10: 0009b02ea273363f R11: ffff88887fabf42b R12: ffffffff932592e0
  R13: 0000000000000004 R14: 0000000000000000 R15: 00000022c880ec80
   cpuidle_enter+0x4a/0xa0
   do_idle+0x310/0x410
   cpu_startup_entry+0x51/0x60
   start_secondary+0x211/0x270
   secondary_startup_64_no_verify+0x184/0x18b
   </TASK>

  Allocated by task 6853:
   kasan_save_stack+0x1c/0x40
   kasan_save_track+0x10/0x30
   __kasan_kmalloc+0xa6/0xb0
   __kmalloc+0x1eb/0x450
   cipso_v4_sock_setattr+0x96/0x360
   netlbl_sock_setattr+0x132/0x1f0
   selinux_netlbl_socket_post_create+0x6c/0x110
   selinux_socket_post_create+0x37b/0x7f0
   security_socket_post_create+0x63/0xb0
   __sock_create+0x305/0x450
   __sys_socket_create.part.23+0xbd/0x130
   __sys_socket+0x37/0xb0
   __x64_sys_socket+0x6f/0xb0
   do_syscall_64+0x83/0x160
   entry_SYSCALL_64_after_hwframe+0x6e/0x76

  Freed by task 6858:
   kasan_save_stack+0x1c/0x40
   kasan_save_track+0x10/0x30
   kasan_save_free_info+0x3b/0x60
   __kasan_slab_free+0x12c/0x1f0
   kfree+0xed/0x2e0
   inet_sock_destruct+0x54f/0x8b0
   __sk_destruct+0x48/0x5b0
   subflow_ulp_release+0x1f0/0x250
   tcp_cleanup_ulp+0x6e/0x110
   tcp_v4_destroy_sock+0x5a/0x3a0
   inet_csk_destroy_sock+0x135/0x390
   tcp_fin+0x416/0x5c0
   tcp_data_queue+0x1bc8/0x4310
   tcp_rcv_state_process+0x15a3/0x47b0
   tcp_v4_do_rcv+0x2c1/0x990
   tcp_v4_rcv+0x41fb/0x5ed0
   ip_protocol_deliver_rcu+0x6d/0x9f0
   ip_local_deliver_finish+0x278/0x360
   ip_local_deliver+0x182/0x2c0
   ip_rcv+0xb5/0x1c0
   __netif_receive_skb_one_core+0x16e/0x1b0
   process_backlog+0x1e3/0x650
   __napi_poll+0xa6/0x500
   net_rx_action+0x740/0xbb0
   __do_softirq+0x183/0x5a4

  The buggy address belongs to the object at ffff888485950880
   which belongs to the cache kmalloc-64 of size 64
  The buggy address is located 0 bytes inside of
   64-byte region [ffff888485950880, ffff8884859508c0)

  The buggy address belongs to the physical page:
  page:0000000056d1e95e refcount:1 mapcount:0 mapping:0000000000000000 index:0xffff888485950700 pfn:0x485950
  flags: 0x57ffffc0000800(slab|node=1|zone=2|lastcpupid=0x1fffff)
  page_type: 0xffffffff()
  raw: 0057ffffc0000800 ffff88810004c640 ffffea00121b8ac0 dead000000000006
  raw: ffff888485950700 0000000000200019 00000001ffffffff 0000000000000000
  page dumped because: kasan: bad access detected

  Memory state around the buggy address:
   ffff888485950780: fa fb fb
---truncated---",Linux,Linux,5.6
Multiples vulnérabilités dans les produits IBM (20 décembre 2024),Avis,2024-12-20,CVE-2010-1205,N/A,N/A,N/A,N/A,https://www.cert.ssi.gouv.fr/avis/CERTFR-2024-AVI-1103/json,"Buffer overflow in pngpread.c in libpng before 1.2.44 and 1.4.x before 1.4.3, as used in progressive applications, might allow remote attackers to execute arbitrary code via a PNG image that triggers an additional data row.",n/a,n/a,n/a
Multiples vulnérabilités dans les produits IBM (20 décembre 2024),Avis,2024-12-20,CVE-2014-1544,N/A,N/A,N/A,N/A,https://www.cert.ssi.gouv.fr/avis/CERTFR-2024-AVI-1103/json,"Use-after-free vulnerability in the CERT_DestroyCertificate function in libnss3.so in Mozilla Network Security Services (NSS) 3.x, as used in Firefox before 31.0, Firefox ESR 24.x before 24.7, and Thunderbird before 24.7, allows remote attackers to execute arbitrary code via vectors that trigger certain improper removal of an NSSCertificate structure from a trust domain.",n/a,n/a,n/a
Multiples vulnérabilités dans les produits IBM (20 décembre 2024),Avis,2024-12-20,CVE-2014-1568,N/A,N/A,N/A,N/A,https://www.cert.ssi.gouv.fr/avis/CERTFR-2024-AVI-1103/json,"Mozilla Network Security Services (NSS) before 3.16.2.1, 3.16.x before 3.16.5, and 3.17.x before 3.17.1, as used in Mozilla Firefox before 32.0.3, Mozilla Firefox ESR 24.x before 24.8.1 and 31.x before 31.1.1, Mozilla Thunderbird before 24.8.1 and 31.x before 31.1.2, Mozilla SeaMonkey before 2.29.1, Google Chrome before 37.0.2062.124 on Windows and OS X, and Google Chrome OS before 37.0.2062.120, does not properly parse ASN.1 values in X.509 certificates, which makes it easier for remote attackers to spoof RSA signatures via a crafted certificate, aka a ""signature malleability"" issue.",n/a,n/a,n/a
Multiples vulnérabilités dans les produits IBM (20 décembre 2024),Avis,2024-12-20,CVE-2015-7182,N/A,N/A,N/A,N/A,https://www.cert.ssi.gouv.fr/avis/CERTFR-2024-AVI-1103/json,"Heap-based buffer overflow in the ASN.1 decoder in Mozilla Network Security Services (NSS) before 3.19.2.1 and 3.20.x before 3.20.1, as used in Firefox before 42.0 and Firefox ESR 38.x before 38.4 and other products, allows remote attackers to cause a denial of service (application crash) or possibly execute arbitrary code via crafted OCTET STRING data.",n/a,n/a,n/a
Multiples vulnérabilités dans les produits IBM (20 décembre 2024),Avis,2024-12-20,CVE-2015-7181,N/A,N/A,N/A,N/A,https://www.cert.ssi.gouv.fr/avis/CERTFR-2024-AVI-1103/json,"The sec_asn1d_parse_leaf function in Mozilla Network Security Services (NSS) before 3.19.2.1 and 3.20.x before 3.20.1, as used in Firefox before 42.0 and Firefox ESR 38.x before 38.4 and other products, improperly restricts access to an unspecified data structure, which allows remote attackers to cause a denial of service (application crash) or possibly execute arbitrary code via crafted OCTET STRING data, related to a ""use-after-poison"" issue.",n/a,n/a,n/a
Multiples vulnérabilités dans les produits IBM (20 décembre 2024),Avis,2024-12-20,CVE-2015-7575,N/A,N/A,N/A,N/A,https://www.cert.ssi.gouv.fr/avis/CERTFR-2024-AVI-1103/json,"Mozilla Network Security Services (NSS) before 3.20.2, as used in Mozilla Firefox before 43.0.2 and Firefox ESR 38.x before 38.5.2, does not reject MD5 signatures in Server Key Exchange messages in TLS 1.2 Handshake Protocol traffic, which makes it easier for man-in-the-middle attackers to spoof servers by triggering a collision.",n/a,n/a,n/a
Multiples vulnérabilités dans les produits IBM (20 décembre 2024),Avis,2024-12-20,CVE-2016-1938,N/A,N/A,N/A,N/A,https://www.cert.ssi.gouv.fr/avis/CERTFR-2024-AVI-1103/json,"The s_mp_div function in lib/freebl/mpi/mpi.c in Mozilla Network Security Services (NSS) before 3.21, as used in Mozilla Firefox before 44.0, improperly divides numbers, which might make it easier for remote attackers to defeat cryptographic protection mechanisms by leveraging use of the (1) mp_div or (2) mp_exptmod function.",n/a,n/a,n/a
Multiples vulnérabilités dans les produits IBM (20 décembre 2024),Avis,2024-12-20,CVE-2017-5461,N/A,N/A,N/A,N/A,https://www.cert.ssi.gouv.fr/avis/CERTFR-2024-AVI-1103/json,"Mozilla Network Security Services (NSS) before 3.21.4, 3.22.x through 3.28.x before 3.28.4, 3.29.x before 3.29.5, and 3.30.x before 3.30.1 allows remote attackers to cause a denial of service (out-of-bounds write) or possibly have unspecified other impact by leveraging incorrect base64 operations.",Mozilla,Firefox,unspecified
Multiples vulnérabilités dans les produits IBM (20 décembre 2024),Avis,2024-12-20,CVE-2018-12384,N/A,N/A,N/A,N/A,https://www.cert.ssi.gouv.fr/avis/CERTFR-2024-AVI-1103/json,"When handling a SSLv2-compatible ClientHello request, the server doesn't generate a new random value but sends an all-zero value instead. This results in full malleability of the ClientHello for SSLv2 used for TLS 1.2 in all versions prior to NSS 3.39. This does not impact TLS 1.3.",NSS,Network Security Services (NSS),All versions prior to NSS 3.39
Multiples vulnérabilités dans les produits IBM (20 décembre 2024),Avis,2024-12-20,CVE-2019-7317,N/A,N/A,N/A,N/A,https://www.cert.ssi.gouv.fr/avis/CERTFR-2024-AVI-1103/json,png_image_free in png.c in libpng 1.6.x before 1.6.37 has a use-after-free because png_image_free_function is called under png_safe_execute.,n/a,n/a,n/a
Vulnérabilité dans les produits NetApp (23 décembre 2024),Avis,2024-12-23,CVE-2023-45287,N/A,N/A,N/A,0.001190000,https://www.cert.ssi.gouv.fr/avis/CERTFR-2024-AVI-1104/json,"Before Go 1.20, the RSA based TLS key exchanges used the math/big library, which is not constant time. RSA blinding was applied to prevent timing attacks, but analysis shows this may not have been fully effective. In particular it appears as if the removal of PKCS#1 padding may leak timing information, which in turn could be used to recover session key bits. In Go 1.20, the crypto/tls library switched to a fully constant time RSA implementation, which we do not believe exhibits any timing side channels.",Go standard library,crypto/tls,0
Multiples vulnérabilités dans Tenable Security Center (23 décembre 2024),Avis,2024-12-23,CVE-2024-11236,9.8,CRITICAL,CWE-787,0.001060000,https://www.cert.ssi.gouv.fr/avis/CERTFR-2024-AVI-1105/json,"In PHP versions 8.1.* before 8.1.31, 8.2.* before 8.2.26, 8.3.* before 8.3.14, uncontrolled long string inputs to ldap_escape() function on 32-bit systems can cause an integer overflow, resulting in an out-of-bounds write.",PHP Group,PHP,"8.1.*, 8.2.*, 8.3.*"
Multiples vulnérabilités dans Tenable Security Center (23 décembre 2024),Avis,2024-12-23,CVE-2024-5458,5.3,MEDIUM,N/A,0.000760000,https://www.cert.ssi.gouv.fr/avis/CERTFR-2024-AVI-1105/json,"In PHP versions 8.1.* before 8.1.29, 8.2.* before 8.2.20, 8.3.* before 8.3.8, due to a code logic error, filtering functions such as filter_var when validating URLs (FILTER_VALIDATE_URL) for certain types of URLs the function will result in invalid user information (username + password part of URLs) being treated as valid user information. This may lead to the downstream code accepting invalid URLs as valid and parsing them incorrectly.",PHP Group,PHP,"8.1.*, 8.2.*, 8.3.*"
Multiples vulnérabilités dans Tenable Security Center (23 décembre 2024),Avis,2024-12-23,CVE-2024-5585,7.7,HIGH,CWE-116,0.003280000,https://www.cert.ssi.gouv.fr/avis/CERTFR-2024-AVI-1105/json,"In PHP versions 8.1.* before 8.1.29, 8.2.* before 8.2.20, 8.3.* before 8.3.8, the fix for CVE-2024-1874 does not work if the command name includes trailing spaces. Original issue: when using proc_open() command with array syntax, due to insufficient escaping, if the arguments of the executed command are controlled by a malicious user, the user can supply arguments that would execute arbitrary commands in Windows shell.",PHP Group,PHP,"8.1.*, 8.2.*, 8.3.*"
Multiples vulnérabilités dans Tenable Security Center (23 décembre 2024),Avis,2024-12-23,CVE-2024-5535,9.1,CRITICAL,CWE-200,0.000440000,https://www.cert.ssi.gouv.fr/avis/CERTFR-2024-AVI-1105/json,"Issue summary: Calling the OpenSSL API function SSL_select_next_proto with an
empty supported client protocols buffer may cause a crash or memory contents to
be sent to the peer.

Impact summary: A buffer overread can have a range of potential consequences
such as unexpected application beahviour or a crash. In particular this issue
could result in up to 255 bytes of arbitrary private data from memory being sent
to the peer leading to a loss of confidentiality. However, only applications
that directly call the SSL_select_next_proto function with a 0 length list of
supported client protocols are affected by this issue. This would normally never
be a valid scenario and is typically not under attacker control but may occur by
accident in the case of a configuration or programming error in the calling
application.

The OpenSSL API function SSL_select_next_proto is typically used by TLS
applications that support ALPN (Application Layer Protocol Negotiation) or NPN
(Next Protocol Negotiation). NPN is older, was never standardised and
is deprecated in favour of ALPN. We believe that ALPN is significantly more
widely deployed than NPN. The SSL_select_next_proto function accepts a list of
protocols from the server and a list of protocols from the client and returns
the first protocol that appears in the server list that also appears in the
client list. In the case of no overlap between the two lists it returns the
first item in the client list. In either case it will signal whether an overlap
between the two lists was found. In the case where SSL_select_next_proto is
called with a zero length client list it fails to notice this condition and
returns the memory immediately following the client list pointer (and reports
that there was no overlap in the lists).

This function is typically called from a server side application callback for
ALPN or a client side application callback for NPN. In the case of ALPN the list
of protocols supplied by the client is guaranteed by libssl to never be zero in
length. The list of server protocols comes from the application and should never
normally be expected to be of zero length. In this case if the
SSL_select_next_proto function has been called as expected (with the list
supplied by the client passed in the client/client_len parameters), then the
application will not be vulnerable to this issue. If the application has
accidentally been configured with a zero length server list, and has
accidentally passed that zero length server list in the client/client_len
parameters, and has additionally failed to correctly handle a ""no overlap""
response (which would normally result in a handshake failure in ALPN) then it
will be vulnerable to this problem.

In the case of NPN, the protocol permits the client to opportunistically select
a protocol when there is no overlap. OpenSSL returns the first client protocol
in the no overlap case in support of this. The list of client protocols comes
from the application and should never normally be expected to be of zero length.
However if the SSL_select_next_proto function is accidentally called with a
client_len of 0 then an invalid memory pointer will be returned instead. If the
application uses this output as the opportunistic protocol then the loss of
confidentiality will occur.

This issue has been assessed as Low severity because applications are most
likely to be vulnerable if they are using NPN instead of ALPN - but NPN is not
widely used. It also requires an application configuration or programming error.
Finally, this issue would not typically be under attacker control making active
exploitation unlikely.

The FIPS modules in 3.3, 3.2, 3.1 and 3.0 are not affected by this issue.

Due to the low severity of this issue we are not issuing new releases of
OpenSSL at this time. The fix will be included in the next releases when they
become available.",OpenSSL,OpenSSL,"3.3.0, 3.2.0, 3.1.0, 3.0.0, 1.1.1, 1.0.2"
Multiples vulnérabilités dans Tenable Security Center (23 décembre 2024),Avis,2024-12-23,CVE-2024-6119,7.5,HIGH,CWE-843,0.000450000,https://www.cert.ssi.gouv.fr/avis/CERTFR-2024-AVI-1105/json,"Issue summary: Applications performing certificate name checks (e.g., TLS
clients checking server certificates) may attempt to read an invalid memory
address resulting in abnormal termination of the application process.

Impact summary: Abnormal termination of an application can a cause a denial of
service.

Applications performing certificate name checks (e.g., TLS clients checking
server certificates) may attempt to read an invalid memory address when
comparing the expected name with an `otherName` subject alternative name of an
X.509 certificate. This may result in an exception that terminates the
application program.

Note that basic certificate chain validation (signatures, dates, ...) is not
affected, the denial of service can occur only when the application also
specifies an expected DNS name, Email address or IP address.

TLS servers rarely solicit client certificates, and even when they do, they
generally don't perform a name check against a reference identifier (expected
identity), but rather extract the presented identity after checking the
certificate chain.  So TLS servers are generally not affected and the severity
of the issue is Moderate.

The FIPS modules in 3.3, 3.2, 3.1 and 3.0 are not affected by this issue.",OpenSSL,OpenSSL,"3.3.0, 3.2.0, 3.1.0, 3.0.0"
Multiples vulnérabilités dans Tenable Security Center (23 décembre 2024),Avis,2024-12-23,CVE-2024-4603,5.3,MEDIUM,CWE-606,0.000450000,https://www.cert.ssi.gouv.fr/avis/CERTFR-2024-AVI-1105/json,"Issue summary: Checking excessively long DSA keys or parameters may be very
slow.

Impact summary: Applications that use the functions EVP_PKEY_param_check()
or EVP_PKEY_public_check() to check a DSA public key or DSA parameters may
experience long delays. Where the key or parameters that are being checked
have been obtained from an untrusted source this may lead to a Denial of
Service.

The functions EVP_PKEY_param_check() or EVP_PKEY_public_check() perform
various checks on DSA parameters. Some of those computations take a long time
if the modulus (`p` parameter) is too large.

Trying to use a very large modulus is slow and OpenSSL will not allow using
public keys with a modulus which is over 10,000 bits in length for signature
verification. However the key and parameter check functions do not limit
the modulus size when performing the checks.

An application that calls EVP_PKEY_param_check() or EVP_PKEY_public_check()
and supplies a key or parameters obtained from an untrusted source could be
vulnerable to a Denial of Service attack.

These functions are not called by OpenSSL itself on untrusted DSA keys so
only applications that directly call these functions may be vulnerable.

Also vulnerable are the OpenSSL pkey and pkeyparam command line applications
when using the `-check` option.

The OpenSSL SSL/TLS implementation is not affected by this issue.

The OpenSSL 3.0 and 3.1 FIPS providers are affected by this issue.",OpenSSL,OpenSSL,"3.0.0, 3.1.0, 3.2.0, 3.3.0"
Multiples vulnérabilités dans Tenable Security Center (23 décembre 2024),Avis,2024-12-23,CVE-2024-8932,9.8,CRITICAL,CWE-787,0.000430000,https://www.cert.ssi.gouv.fr/avis/CERTFR-2024-AVI-1105/json,"In PHP versions 8.1.* before 8.1.31, 8.2.* before 8.2.26, 8.3.* before 8.3.14, uncontrolled long string inputs to ldap_escape() function on 32-bit systems can cause an integer overflow, resulting in an out-of-bounds write.",PHP Group,PHP,"8.1.*, 8.2.*, 8.3.*"
Multiples vulnérabilités dans Tenable Security Center (23 décembre 2024),Avis,2024-12-23,CVE-2024-4741,7.5,HIGH,CWE-416,0.000440000,https://www.cert.ssi.gouv.fr/avis/CERTFR-2024-AVI-1105/json,"Issue summary: Calling the OpenSSL API function SSL_free_buffers may cause
memory to be accessed that was previously freed in some situations

Impact summary: A use after free can have a range of potential consequences such
as the corruption of valid data, crashes or execution of arbitrary code.
However, only applications that directly call the SSL_free_buffers function are
affected by this issue. Applications that do not call this function are not
vulnerable. Our investigations indicate that this function is rarely used by
applications.

The SSL_free_buffers function is used to free the internal OpenSSL buffer used
when processing an incoming record from the network. The call is only expected
to succeed if the buffer is not currently in use. However, two scenarios have
been identified where the buffer is freed even when still in use.

The first scenario occurs where a record header has been received from the
network and processed by OpenSSL, but the full record body has not yet arrived.
In this case calling SSL_free_buffers will succeed even though a record has only
been partially processed and the buffer is still in use.

The second scenario occurs where a full record containing application data has
been received and processed by OpenSSL but the application has only read part of
this data. Again a call to SSL_free_buffers will succeed even though the buffer
is still in use.

While these scenarios could occur accidentally during normal operation a
malicious attacker could attempt to engineer a stituation where this occurs.
We are not aware of this issue being actively exploited.

The FIPS modules in 3.3, 3.2, 3.1 and 3.0 are not affected by this issue.",OpenSSL,OpenSSL,"3.3.0, 3.2.0, 3.1.0, 3.0.0, 1.1.1"
Multiples vulnérabilités dans Tenable Security Center (23 décembre 2024),Avis,2024-12-23,CVE-2024-11233,4.8,MEDIUM,CWE-122,0.000460000,https://www.cert.ssi.gouv.fr/avis/CERTFR-2024-AVI-1105/json,"In PHP versions 8.1.* before 8.1.31, 8.2.* before 8.2.26, 8.3.* before 8.3.14, due to an error in convert.quoted-printable-decode filter certain data can lead to buffer overread by one byte, which can in certain circumstances lead to crashes or disclose content of other memory areas.",PHP Group,PHP,"8.1.*, 8.2.*, 8.3.*"
Vulnérabilité dans Adobe ColdFusion (24 décembre 2024),Avis,2024-12-24,CVE-2024-53961,7.4,HIGH,CWE-22,0.000910000,https://www.cert.ssi.gouv.fr/avis/CERTFR-2024-AVI-1106/json,"ColdFusion versions 2023.11, 2021.17 and earlier are affected by an Improper Limitation of a Pathname to a Restricted Directory ('Path Traversal') vulnerability that could lead to arbitrary file system read. An attacker could exploit this vulnerability to access files or directories that are outside of the restricted directory set by the application. This could lead to the disclosure of sensitive information or the manipulation of system data.",Adobe,ColdFusion,0
Vulnérabilité dans les produits Palo Alto Networks (27 décembre 2024),Avis,2024-12-27,CVE-2024-3393,8.7,HIGH,CWE-754,0.007830000,https://www.cert.ssi.gouv.fr/avis/CERTFR-2024-AVI-1107/json,A Denial of Service vulnerability in the DNS Security feature of Palo Alto Networks PAN-OS software allows an unauthenticated attacker to send a malicious packet through the data plane of the firewall that reboots the firewall. Repeated attempts to trigger this condition will cause the firewall to enter maintenance mode.,Palo Alto Networks,PAN-OS,11.2.0
Multiples vulnérabilités dans le noyau Linux d'Ubuntu (27 décembre 2024),Avis,2024-12-27,CVE-2024-47748,N/A,N/A,N/A,N/A,https://www.cert.ssi.gouv.fr/avis/CERTFR-2024-AVI-1108/json,"In the Linux kernel, the following vulnerability has been resolved:

vhost_vdpa: assign irq bypass producer token correctly

We used to call irq_bypass_unregister_producer() in
vhost_vdpa_setup_vq_irq() which is problematic as we don't know if the
token pointer is still valid or not.

Actually, we use the eventfd_ctx as the token so the life cycle of the
token should be bound to the VHOST_SET_VRING_CALL instead of
vhost_vdpa_setup_vq_irq() which could be called by set_status().

Fixing this by setting up irq bypass producer's token when handling
VHOST_SET_VRING_CALL and un-registering the producer before calling
vhost_vring_ioctl() to prevent a possible use after free as eventfd
could have been released in vhost_vring_ioctl(). And such registering
and unregistering will only be done if DRIVER_OK is set.",Linux,Linux,5.9
Multiples vulnérabilités dans le noyau Linux d'Ubuntu (27 décembre 2024),Avis,2024-12-27,CVE-2024-49863,N/A,N/A,N/A,N/A,https://www.cert.ssi.gouv.fr/avis/CERTFR-2024-AVI-1108/json,"In the Linux kernel, the following vulnerability has been resolved:

vhost/scsi: null-ptr-dereference in vhost_scsi_get_req()

Since commit 3f8ca2e115e5 (""vhost/scsi: Extract common handling code
from control queue handler"") a null pointer dereference bug can be
triggered when guest sends an SCSI AN request.

In vhost_scsi_ctl_handle_vq(), `vc.target` is assigned with
`&v_req.tmf.lun[1]` within a switch-case block and is then passed to
vhost_scsi_get_req() which extracts `vc->req` and `tpg`. However, for
a `VIRTIO_SCSI_T_AN_*` request, tpg is not required, so `vc.target` is
set to NULL in this branch. Later, in vhost_scsi_get_req(),
`vc->target` is dereferenced without being checked, leading to a null
pointer dereference bug. This bug can be triggered from guest.

When this bug occurs, the vhost_worker process is killed while holding
`vq->mutex` and the corresponding tpg will remain occupied
indefinitely.

Below is the KASAN report:
Oops: general protection fault, probably for non-canonical address
0xdffffc0000000000: 0000 [#1] PREEMPT SMP KASAN NOPTI
KASAN: null-ptr-deref in range [0x0000000000000000-0x0000000000000007]
CPU: 1 PID: 840 Comm: poc Not tainted 6.10.0+ #1
Hardware name: QEMU Ubuntu 24.04 PC (i440FX + PIIX, 1996), BIOS
1.16.3-debian-1.16.3-2 04/01/2014
RIP: 0010:vhost_scsi_get_req+0x165/0x3a0
Code: 00 fc ff df 48 89 fa 48 c1 ea 03 80 3c 02 00 0f 85 2b 02 00 00
48 b8 00 00 00 00 00 fc ff df 4d 8b 65 30 4c 89 e2 48 c1 ea 03 <0f> b6
04 02 4c 89 e2 83 e2 07 38 d0 7f 08 84 c0 0f 85 be 01 00 00
RSP: 0018:ffff888017affb50 EFLAGS: 00010246
RAX: dffffc0000000000 RBX: ffff88801b000000 RCX: 0000000000000000
RDX: 0000000000000000 RSI: 0000000000000000 RDI: ffff888017affcb8
RBP: ffff888017affb80 R08: 0000000000000000 R09: 0000000000000000
R10: 0000000000000000 R11: 0000000000000000 R12: 0000000000000000
R13: ffff888017affc88 R14: ffff888017affd1c R15: ffff888017993000
FS:  000055556e076500(0000) GS:ffff88806b100000(0000) knlGS:0000000000000000
CS:  0010 DS: 0000 ES: 0000 CR0: 0000000080050033
CR2: 00000000200027c0 CR3: 0000000010ed0004 CR4: 0000000000370ef0
Call Trace:
 <TASK>
 ? show_regs+0x86/0xa0
 ? die_addr+0x4b/0xd0
 ? exc_general_protection+0x163/0x260
 ? asm_exc_general_protection+0x27/0x30
 ? vhost_scsi_get_req+0x165/0x3a0
 vhost_scsi_ctl_handle_vq+0x2a4/0xca0
 ? __pfx_vhost_scsi_ctl_handle_vq+0x10/0x10
 ? __switch_to+0x721/0xeb0
 ? __schedule+0xda5/0x5710
 ? __kasan_check_write+0x14/0x30
 ? _raw_spin_lock+0x82/0xf0
 vhost_scsi_ctl_handle_kick+0x52/0x90
 vhost_run_work_list+0x134/0x1b0
 vhost_task_fn+0x121/0x350
...
 </TASK>
---[ end trace 0000000000000000 ]---

Let's add a check in vhost_scsi_get_req.

[whitespace fixes]",Linux,Linux,4.20
Multiples vulnérabilités dans le noyau Linux d'Ubuntu (27 décembre 2024),Avis,2024-12-27,CVE-2024-49907,N/A,N/A,N/A,N/A,https://www.cert.ssi.gouv.fr/avis/CERTFR-2024-AVI-1108/json,"In the Linux kernel, the following vulnerability has been resolved:

drm/amd/display: Check null pointers before using dc->clk_mgr

[WHY & HOW]
dc->clk_mgr is null checked previously in the same function, indicating
it might be null.

Passing ""dc"" to ""dc->hwss.apply_idle_power_optimizations"", which
dereferences null ""dc->clk_mgr"". (The function pointer resolves to
""dcn35_apply_idle_power_optimizations"".)

This fixes 1 FORWARD_NULL issue reported by Coverity.",Linux,Linux,
Multiples vulnérabilités dans le noyau Linux d'Ubuntu (27 décembre 2024),Avis,2024-12-27,CVE-2024-46849,N/A,N/A,N/A,N/A,https://www.cert.ssi.gouv.fr/avis/CERTFR-2024-AVI-1108/json,"In the Linux kernel, the following vulnerability has been resolved:

ASoC: meson: axg-card: fix 'use-after-free'

Buffer 'card->dai_link' is reallocated in 'meson_card_reallocate_links()',
so move 'pad' pointer initialization after this function when memory is
already reallocated.

Kasan bug report:

==================================================================
BUG: KASAN: slab-use-after-free in axg_card_add_link+0x76c/0x9bc
Read of size 8 at addr ffff000000e8b260 by task modprobe/356

CPU: 0 PID: 356 Comm: modprobe Tainted: G O 6.9.12-sdkernel #1
Call trace:
 dump_backtrace+0x94/0xec
 show_stack+0x18/0x24
 dump_stack_lvl+0x78/0x90
 print_report+0xfc/0x5c0
 kasan_report+0xb8/0xfc
 __asan_load8+0x9c/0xb8
 axg_card_add_link+0x76c/0x9bc [snd_soc_meson_axg_sound_card]
 meson_card_probe+0x344/0x3b8 [snd_soc_meson_card_utils]
 platform_probe+0x8c/0xf4
 really_probe+0x110/0x39c
 __driver_probe_device+0xb8/0x18c
 driver_probe_device+0x108/0x1d8
 __driver_attach+0xd0/0x25c
 bus_for_each_dev+0xe0/0x154
 driver_attach+0x34/0x44
 bus_add_driver+0x134/0x294
 driver_register+0xa8/0x1e8
 __platform_driver_register+0x44/0x54
 axg_card_pdrv_init+0x20/0x1000 [snd_soc_meson_axg_sound_card]
 do_one_initcall+0xdc/0x25c
 do_init_module+0x10c/0x334
 load_module+0x24c4/0x26cc
 init_module_from_file+0xd4/0x128
 __arm64_sys_finit_module+0x1f4/0x41c
 invoke_syscall+0x60/0x188
 el0_svc_common.constprop.0+0x78/0x13c
 do_el0_svc+0x30/0x40
 el0_svc+0x38/0x78
 el0t_64_sync_handler+0x100/0x12c
 el0t_64_sync+0x190/0x194",Linux,Linux,4.19
Multiples vulnérabilités dans le noyau Linux d'Ubuntu (27 décembre 2024),Avis,2024-12-27,CVE-2024-47697,N/A,N/A,N/A,N/A,https://www.cert.ssi.gouv.fr/avis/CERTFR-2024-AVI-1108/json,"In the Linux kernel, the following vulnerability has been resolved:

drivers: media: dvb-frontends/rtl2830: fix an out-of-bounds write error

Ensure index in rtl2830_pid_filter does not exceed 31 to prevent
out-of-bounds access.

dev->filters is a 32-bit value, so set_bit and clear_bit functions should
only operate on indices from 0 to 31. If index is 32, it will attempt to
access a non-existent 33rd bit, leading to out-of-bounds access.
Change the boundary check from index > 32 to index >= 32 to resolve this
issue.",Linux,Linux,4.0
Multiples vulnérabilités dans le noyau Linux d'Ubuntu (27 décembre 2024),Avis,2024-12-27,CVE-2024-41016,N/A,N/A,N/A,N/A,https://www.cert.ssi.gouv.fr/avis/CERTFR-2024-AVI-1108/json,"In the Linux kernel, the following vulnerability has been resolved:

ocfs2: strict bound check before memcmp in ocfs2_xattr_find_entry()

xattr in ocfs2 maybe 'non-indexed', which saved with additional space
requested.  It's better to check if the memory is out of bound before
memcmp, although this possibility mainly comes from crafted poisonous
images.",Linux,Linux,
Multiples vulnérabilités dans le noyau Linux d'Ubuntu (27 décembre 2024),Avis,2024-12-27,CVE-2024-49890,N/A,N/A,N/A,N/A,https://www.cert.ssi.gouv.fr/avis/CERTFR-2024-AVI-1108/json,"In the Linux kernel, the following vulnerability has been resolved:

drm/amd/pm: ensure the fw_info is not null before using it

This resolves the dereference null return value warning
reported by Coverity.",Linux,Linux,
Multiples vulnérabilités dans le noyau Linux d'Ubuntu (27 décembre 2024),Avis,2024-12-27,CVE-2024-49903,N/A,N/A,N/A,N/A,https://www.cert.ssi.gouv.fr/avis/CERTFR-2024-AVI-1108/json,"In the Linux kernel, the following vulnerability has been resolved:

jfs: Fix uaf in dbFreeBits

[syzbot reported]
==================================================================
BUG: KASAN: slab-use-after-free in __mutex_lock_common kernel/locking/mutex.c:587 [inline]
BUG: KASAN: slab-use-after-free in __mutex_lock+0xfe/0xd70 kernel/locking/mutex.c:752
Read of size 8 at addr ffff8880229254b0 by task syz-executor357/5216

CPU: 0 UID: 0 PID: 5216 Comm: syz-executor357 Not tainted 6.11.0-rc3-syzkaller-00156-gd7a5aa4b3c00 #0
Hardware name: Google Google Compute Engine/Google Compute Engine, BIOS Google 06/27/2024
Call Trace:
 <TASK>
 __dump_stack lib/dump_stack.c:93 [inline]
 dump_stack_lvl+0x241/0x360 lib/dump_stack.c:119
 print_address_description mm/kasan/report.c:377 [inline]
 print_report+0x169/0x550 mm/kasan/report.c:488
 kasan_report+0x143/0x180 mm/kasan/report.c:601
 __mutex_lock_common kernel/locking/mutex.c:587 [inline]
 __mutex_lock+0xfe/0xd70 kernel/locking/mutex.c:752
 dbFreeBits+0x7ea/0xd90 fs/jfs/jfs_dmap.c:2390
 dbFreeDmap fs/jfs/jfs_dmap.c:2089 [inline]
 dbFree+0x35b/0x680 fs/jfs/jfs_dmap.c:409
 dbDiscardAG+0x8a9/0xa20 fs/jfs/jfs_dmap.c:1650
 jfs_ioc_trim+0x433/0x670 fs/jfs/jfs_discard.c:100
 jfs_ioctl+0x2d0/0x3e0 fs/jfs/ioctl.c:131
 vfs_ioctl fs/ioctl.c:51 [inline]
 __do_sys_ioctl fs/ioctl.c:907 [inline]
 __se_sys_ioctl+0xfc/0x170 fs/ioctl.c:893
 do_syscall_x64 arch/x86/entry/common.c:52 [inline]
 do_syscall_64+0xf3/0x230 arch/x86/entry/common.c:83

Freed by task 5218:
 kasan_save_stack mm/kasan/common.c:47 [inline]
 kasan_save_track+0x3f/0x80 mm/kasan/common.c:68
 kasan_save_free_info+0x40/0x50 mm/kasan/generic.c:579
 poison_slab_object+0xe0/0x150 mm/kasan/common.c:240
 __kasan_slab_free+0x37/0x60 mm/kasan/common.c:256
 kasan_slab_free include/linux/kasan.h:184 [inline]
 slab_free_hook mm/slub.c:2252 [inline]
 slab_free mm/slub.c:4473 [inline]
 kfree+0x149/0x360 mm/slub.c:4594
 dbUnmount+0x11d/0x190 fs/jfs/jfs_dmap.c:278
 jfs_mount_rw+0x4ac/0x6a0 fs/jfs/jfs_mount.c:247
 jfs_remount+0x3d1/0x6b0 fs/jfs/super.c:454
 reconfigure_super+0x445/0x880 fs/super.c:1083
 vfs_cmd_reconfigure fs/fsopen.c:263 [inline]
 vfs_fsconfig_locked fs/fsopen.c:292 [inline]
 __do_sys_fsconfig fs/fsopen.c:473 [inline]
 __se_sys_fsconfig+0xb6e/0xf80 fs/fsopen.c:345
 do_syscall_x64 arch/x86/entry/common.c:52 [inline]
 do_syscall_64+0xf3/0x230 arch/x86/entry/common.c:83
 entry_SYSCALL_64_after_hwframe+0x77/0x7f

[Analysis]
There are two paths (dbUnmount and jfs_ioc_trim) that generate race
condition when accessing bmap, which leads to the occurrence of uaf.

Use the lock s_umount to synchronize them, in order to avoid uaf caused
by race condition.",Linux,Linux,
Multiples vulnérabilités dans le noyau Linux d'Ubuntu (27 décembre 2024),Avis,2024-12-27,CVE-2024-49969,N/A,N/A,N/A,N/A,https://www.cert.ssi.gouv.fr/avis/CERTFR-2024-AVI-1108/json,"In the Linux kernel, the following vulnerability has been resolved:

drm/amd/display: Fix index out of bounds in DCN30 color transformation

This commit addresses a potential index out of bounds issue in the
`cm3_helper_translate_curve_to_hw_format` function in the DCN30 color
management module. The issue could occur when the index 'i' exceeds the
number of transfer function points (TRANSFER_FUNC_POINTS).

The fix adds a check to ensure 'i' is within bounds before accessing the
transfer function points. If 'i' is out of bounds, the function returns
false to indicate an error.

drivers/gpu/drm/amd/amdgpu/../display/dc/dcn30/dcn30_cm_common.c:180 cm3_helper_translate_curve_to_hw_format() error: buffer overflow 'output_tf->tf_pts.red' 1025 <= s32max
drivers/gpu/drm/amd/amdgpu/../display/dc/dcn30/dcn30_cm_common.c:181 cm3_helper_translate_curve_to_hw_format() error: buffer overflow 'output_tf->tf_pts.green' 1025 <= s32max
drivers/gpu/drm/amd/amdgpu/../display/dc/dcn30/dcn30_cm_common.c:182 cm3_helper_translate_curve_to_hw_format() error: buffer overflow 'output_tf->tf_pts.blue' 1025 <= s32max",Linux,Linux,
Multiples vulnérabilités dans le noyau Linux d'Ubuntu (27 décembre 2024),Avis,2024-12-27,CVE-2021-47076,N/A,N/A,N/A,N/A,https://www.cert.ssi.gouv.fr/avis/CERTFR-2024-AVI-1108/json,"In the Linux kernel, the following vulnerability has been resolved:

RDMA/rxe: Return CQE error if invalid lkey was supplied

RXE is missing update of WQE status in LOCAL_WRITE failures.  This caused
the following kernel panic if someone sent an atomic operation with an
explicitly wrong lkey.

[leonro@vm ~]$ mkt test
test_atomic_invalid_lkey (tests.test_atomic.AtomicTest) ...
 WARNING: CPU: 5 PID: 263 at drivers/infiniband/sw/rxe/rxe_comp.c:740 rxe_completer+0x1a6d/0x2e30 [rdma_rxe]
 Modules linked in: crc32_generic rdma_rxe ip6_udp_tunnel udp_tunnel rdma_ucm rdma_cm ib_umad ib_ipoib iw_cm ib_cm mlx5_ib ib_uverbs ib_core mlx5_core ptp pps_core
 CPU: 5 PID: 263 Comm: python3 Not tainted 5.13.0-rc1+ #2936
 Hardware name: QEMU Standard PC (Q35 + ICH9, 2009), BIOS rel-1.13.0-0-gf21b5a4aeb02-prebuilt.qemu.org 04/01/2014
 RIP: 0010:rxe_completer+0x1a6d/0x2e30 [rdma_rxe]
 Code: 03 0f 8e 65 0e 00 00 3b 93 10 06 00 00 0f 84 82 0a 00 00 4c 89 ff 4c 89 44 24 38 e8 2d 74 a9 e1 4c 8b 44 24 38 e9 1c f5 ff ff <0f> 0b e9 0c e8 ff ff b8 05 00 00 00 41 bf 05 00 00 00 e9 ab e7 ff
 RSP: 0018:ffff8880158af090 EFLAGS: 00010246
 RAX: 0000000000000000 RBX: ffff888016a78000 RCX: ffffffffa0cf1652
 RDX: 1ffff9200004b442 RSI: 0000000000000004 RDI: ffffc9000025a210
 RBP: dffffc0000000000 R08: 00000000ffffffea R09: ffff88801617740b
 R10: ffffed1002c2ee81 R11: 0000000000000007 R12: ffff88800f3b63e8
 R13: ffff888016a78008 R14: ffffc9000025a180 R15: 000000000000000c
 FS:  00007f88b622a740(0000) GS:ffff88806d540000(0000) knlGS:0000000000000000
 CS:  0010 DS: 0000 ES: 0000 CR0: 0000000080050033
 CR2: 00007f88b5a1fa10 CR3: 000000000d848004 CR4: 0000000000370ea0
 DR0: 0000000000000000 DR1: 0000000000000000 DR2: 0000000000000000
 DR3: 0000000000000000 DR6: 00000000fffe0ff0 DR7: 0000000000000400
 Call Trace:
  rxe_do_task+0x130/0x230 [rdma_rxe]
  rxe_rcv+0xb11/0x1df0 [rdma_rxe]
  rxe_loopback+0x157/0x1e0 [rdma_rxe]
  rxe_responder+0x5532/0x7620 [rdma_rxe]
  rxe_do_task+0x130/0x230 [rdma_rxe]
  rxe_rcv+0x9c8/0x1df0 [rdma_rxe]
  rxe_loopback+0x157/0x1e0 [rdma_rxe]
  rxe_requester+0x1efd/0x58c0 [rdma_rxe]
  rxe_do_task+0x130/0x230 [rdma_rxe]
  rxe_post_send+0x998/0x1860 [rdma_rxe]
  ib_uverbs_post_send+0xd5f/0x1220 [ib_uverbs]
  ib_uverbs_write+0x847/0xc80 [ib_uverbs]
  vfs_write+0x1c5/0x840
  ksys_write+0x176/0x1d0
  do_syscall_64+0x3f/0x80
  entry_SYSCALL_64_after_hwframe+0x44/0xae",Linux,Linux,4.8
Multiples vulnérabilités dans le noyau Linux de SUSE (27 décembre 2024),Avis,2024-12-27,CVE-2024-49995,N/A,N/A,N/A,0.000420000,https://www.cert.ssi.gouv.fr/avis/CERTFR-2024-AVI-1109/json,"In the Linux kernel, the following vulnerability has been resolved:

tipc: guard against string buffer overrun

Smatch reports that copying media_name and if_name to name_parts may
overwrite the destination.

 .../bearer.c:166 bearer_name_validate() error: strcpy() 'media_name' too large for 'name_parts->media_name' (32 vs 16)
 .../bearer.c:167 bearer_name_validate() error: strcpy() 'if_name' too large for 'name_parts->if_name' (1010102 vs 16)

This does seem to be the case so guard against this possibility by using
strscpy() and failing if truncation occurs.

Introduced by commit b97bf3fd8f6a (""[TIPC] Initial merge"")

Compile tested only.",Linux,Linux,
Multiples vulnérabilités dans le noyau Linux de SUSE (27 décembre 2024),Avis,2024-12-27,CVE-2024-53063,N/A,N/A,N/A,0.000420000,https://www.cert.ssi.gouv.fr/avis/CERTFR-2024-AVI-1109/json,"In the Linux kernel, the following vulnerability has been resolved:

media: dvbdev: prevent the risk of out of memory access

The dvbdev contains a static variable used to store dvb minors.

The behavior of it depends if CONFIG_DVB_DYNAMIC_MINORS is set
or not. When not set, dvb_register_device() won't check for
boundaries, as it will rely that a previous call to
dvb_register_adapter() would already be enforcing it.

On a similar way, dvb_device_open() uses the assumption
that the register functions already did the needed checks.

This can be fragile if some device ends using different
calls. This also generate warnings on static check analysers
like Coverity.

So, add explicit guards to prevent potential risk of OOM issues.",Linux,Linux,2.6.29
Multiples vulnérabilités dans le noyau Linux de SUSE (27 décembre 2024),Avis,2024-12-27,CVE-2024-50290,N/A,N/A,N/A,0.000440000,https://www.cert.ssi.gouv.fr/avis/CERTFR-2024-AVI-1109/json,"In the Linux kernel, the following vulnerability has been resolved:

media: cx24116: prevent overflows on SNR calculus

as reported by Coverity, if reading SNR registers fail, a negative
number will be returned, causing an underflow when reading SNR
registers.

Prevent that.",Linux,Linux,2.6.28
Multiples vulnérabilités dans le greffon Security QRadar Log Management AQL de IBM (27 décembre 2024),Avis,2024-12-27,CVE-2024-8986,9.1,CRITICAL,CWE-522,0.000430000,https://www.cert.ssi.gouv.fr/avis/CERTFR-2024-AVI-1110/json,"The grafana plugin SDK bundles build metadata into the binaries it compiles; this metadata includes the repository URI for the plugin being built, as retrieved by running `git remote get-url origin`.
 
If credentials are included in the repository URI (for instance, to allow for fetching of private dependencies), the final binary will contain the full URI, including said credentials.",grafana-plugin-sdk-go,Grafana Plugin SDK,0.106.0
Multiples vulnérabilités dans le greffon Security QRadar Log Management AQL de IBM (27 décembre 2024),Avis,2024-12-27,CVE-2024-21489,8.2,HIGH,CWE-1321,0.000450000,https://www.cert.ssi.gouv.fr/avis/CERTFR-2024-AVI-1110/json,Versions of the package uplot before 1.6.31 are vulnerable to Prototype Pollution via the uplot.assign function due to missing check if the attribute resolves to the object prototype.,n/a,uplot,0
Multiples vulnérabilités dans le greffon Security QRadar Log Management AQL de IBM (27 décembre 2024),Avis,2024-12-27,CVE-2024-45296,7.5,HIGH,CWE-1333,0.000450000,https://www.cert.ssi.gouv.fr/avis/CERTFR-2024-AVI-1110/json,"path-to-regexp turns path strings into a regular expressions. In certain cases, path-to-regexp will output a regular expression that can be exploited to cause poor performance. Because JavaScript is single threaded and regex matching runs on the main thread, poor performance will block the event loop and lead to a DoS. The bad regular expression is generated any time you have two parameters within a single segment, separated by something that is not a period (.). For users of 0.1, upgrade to 0.1.10. All other users should upgrade to 8.0.0.",pillarjs,path-to-regexp,"< 0.1.10, >= 0.2.0, < 8.0.0"
